<?xml version="1.0" encoding="utf-8"?>
<databaseChangeLog
    xmlns="http://www.liquibase.org/xml/ns/dbchangelog"
    xmlns:ext="http://www.liquibase.org/xml/ns/dbchangelog-ext"
    xmlns:xsi="http://www.w3.org/2001/XMLSchema-instance"
    xsi:schemaLocation="http://www.liquibase.org/xml/ns/dbchangelog http://www.liquibase.org/xml/ns/dbchangelog/dbchangelog-3.5.xsd
                        http://www.liquibase.org/xml/ns/dbchangelog-ext http://www.liquibase.org/xml/ns/dbchangelog/dbchangelog-ext.xsd">

    <property name="now" value="now()" dbms="h2"/>

    <property name="now" value="current_timestamp" dbms="postgresql"/>

    <property name="floatType" value="float4" dbms="postgresql, h2"/>
    <property name="floatType" value="float" dbms="mysql, oracle, mssql"/>

    <!--
        Added the entity LegalEntity.
    -->
    <changeSet id="20190118141528-1" author="jhipster">
        <createTable tableName="legal_entity">
            <column name="id" type="bigint" autoIncrement="${autoIncrement}">
                <constraints primaryKey="true" nullable="false"/>
            </column>
            <column name="logo" type="bigint">
                <constraints nullable="false" />
            </column>

            <column name="legal_name_of_the_college" type="varchar(255)">
                <constraints nullable="false" />
            </column>

            <column name="type_of_college" type="varchar(255)">
                <constraints nullable="false" />
            </column>

            <column name="date_of_incorporation" type="date">
                <constraints nullable="false" />
            </column>

            <column name="registered_office_address" type="varchar(255)">
                <constraints nullable="false" />
            </column>

            <column name="college_identification_number" type="varchar(255)">
                <constraints nullable="false" />
            </column>

            <column name="pan" type="varchar(255)">
                <constraints nullable="false" />
            </column>

            <column name="tan" type="varchar(255)">
                <constraints nullable="false" />
            </column>

            <column name="tan_circle_number" type="varchar(255)">
                <constraints nullable="false" />
            </column>

            <column name="cit_tds_location" type="varchar(255)">
                <constraints nullable="false" />
            </column>

            <column name="form_signatory" type="varchar(255)">
                <constraints nullable="false" />
            </column>

            <column name="pf_number" type="varchar(255)">
                <constraints nullable="false" />
            </column>

            <column name="registration_date" type="date">
                <constraints nullable="false" />
            </column>

            <column name="esi_number" type="bigint">
                <constraints nullable="false" />
            </column>

            <column name="pt_registration_date" type="date">
                <constraints nullable="false" />
            </column>

            <column name="pt_signatory" type="varchar(255)">
                <constraints nullable="false" />
            </column>

            <column name="pt_number" type="bigint">
                <constraints nullable="false" />
            </column>

            <!-- jhipster-needle-liquibase-add-column - JHipster will add columns here, do not remove-->
        </createTable>
        
    </changeSet>
    <!-- jhipster-needle-liquibase-add-changeset - JHipster will add changesets here, do not remove-->
</databaseChangeLog>
